Label,I1,I2,NI1,NI2
O,91.91666666666667,91.08333333333334,100.0,93.58333333333333
Sarcoth,8.083333333333332,8.916666666666668,,6.416666666666666
